Workbook

Sheet Όμιλοι
A1: ID | B1: Όνομα Ομίλου | C1: Υπεύθυνος | D1: Ημέρα | E1: Σημειώσεις
B2: ← Μπορείτε να αλλάξετε τα ονόματα ομίλων εδώ | E2: ← Προαιρετικές σημειώσεις
A3: C01 | B3: Arduino | D3: Παρασκευή
A4: C02 | B4: CreativeWriting | D4: Τετάρτη
A5: C03 | B5: ECDL | D5: Τρίτη
A6: C04 | B6: Graffiti | D6: Δευτέρα
A7: C05 | B7: I4Good | D7: Δευτέρα
A8: C06 | B8: LEGO | D8: Δευτέρα
A9: C07 | B9: LevelUp | D9: Δευτέρα
A10: C08 | B10: MathBeauty | D10: Παρασκευή
A11: C09 | B11: MediaLab | D11: Πέμπτη
A12: C10 | B12: Shakespeare | D12: Πέμπτη
A13: C11 | B13: Άλγεβρα | C13: Αθανασιάδης | D13: Παρασκευή
A14: C12 | B14: Άλγεβρα | C14: Αριστέρογλου | D14: Τρίτη
A15: C13 | B15: Άλγεβρα | C15: Μπάγκα | D15: Δευτέρα
A16: C14 | B16: Αγγλικά | D16: Δευτέρα
A17: C15 | B17: Αντιγόνη | D17: Τετάρτη
A18: C16 | B18: Αντιγόνη | D18: Πέμπτη
A19: C17 | B19: Αρχαία | C19: Τσεπραηλίδου | D19: Δευτέρα
A20: C18 | B20: Αρχιτεκτονική | D20: Τρίτη
A21: C19 | B21: Αυτοάμυνα | D21: Παρασκευή
A22: C20 | B22: Βιολογία | C22: ενισχυτική | D22: Πέμπτη
A23: C21 | B23: Γαλλικά | D23: Δευτέρα
A24: C22 | B24: Γερμανικά | D24: Δευτέρα
A25: C23 | B25: Γερμανικά | D25: Πέμπτη
A26: C24 | B26: Γλώσσα | C26: Κιτσιούλη | D26: Παρασκευή
A27: C25 | B27: Γλώσσα | C27: Πελεκούδας | D27: Πέμπτη
A28: C26 | B28: Γλώσσα | C28: Τζήμας | D28: Τετάρτη
A29: C27 | B29: Εθελοντισμός | D29: Δευτέρα
A30: C28 | B30: Ευρωπαϊκός Πολιτισμός | D30: Τρίτη
A31: C29 | B31: Ζωγραφική | D31: Τρίτη
A32: C30 | B32: Ιστορία Γ | D32: Τετάρτη
A33: C31 | B33: Καλαθοσφαίριση | D33: Δευτέρα
A34: C32 | B34: Καλαθοσφαίριση | D34: Τετάρτη
A35: C33 | B35: Κινηματογράφος | D35: Τετάρτη
A36: C34 | B36: Κρυπτογραφία | D36: Πέμπτη
A37: C35 | B37: Παραδοσιακός Χορός | C37: Ζαρκοδήμου | D37: Παρασκευή
A38: C36 | B38: Παραδοσιακός Χορός | C38: Κωτούλα | D38: Τρίτη
A39: C37 | B39: Πειραματική_Βιολογία | D39: Τετάρτη
A40: C38 | B40: Πειραματική_Φυσική | D40: Τετάρτη
A41: C39 | B41: Πληροφορική | C41: Δαρδούμπας | D41: Τετάρτη
A42: C40 | B42: Ποδόσφαιρο | D42: Τρίτη
A43: C41 | B43: Ρητορική | D43: Παρασκευή
A44: C42 | B44: Στατιστική | D44: Τρίτη
A45: C43 | B45: Σύγχρονος_Χορός | D45: Δευτέρα
A46: C44 | B46: ΤΝ | D46: Πέμπτη
A47: C45 | B47: Φυσική | C47: Αλεξάνδρου | D47: Πέμπτη
A48: C46 | B48: Φυσική | C48: Κασάπη | D48: Πέμπτη
A49: C47 | B49: Φυσική | C49: Κασάπη | D49: Παρασκευή
A50: C48 | B50: Φυσική | C50: Τερλίδης | D50: Παρασκευή
A51: C49 | B51: Φωτογραφία | D51: Παρασκευή
A52: C50 | B52: Χημεία | C52: Κοντογούνη | D52: Τρίτη
A53: C51 | B53: Χημεία | C53: Κοντογούνη | D53: Τετάρτη
A54: C52 | B54: Χημεία | C54: Κυκκίδου | D54: Τετάρτη
A55: C53 | B55: Χημεία | C55: Κυκκίδου | D55: Πέμπτη
A56: C54 | B56: Χημεία | C56: Παπαδοπούλου | D56: Τετάρτη
A57: C55 | B57: Ψ | D57: Δευτέρα
A58: C56 | B58: Ψ2 | D58: Πέμπτη

Sheet Οδηγίες
A1: ΟΔΗΓΙΕΣ ΧΡΗΣΗΣ
A3: ΦΥΛΛΟ "Όμιλοι"
A4: • Κάθε γραμμή αντιστοιχεί σε έναν μοναδικό όμιλο.
A5: • Το ID (π.χ. C01) χρησιμοποιείται αυτόματα από την πλατφόρμα — μην το αλλάζετε.
A6: • Αν ο ίδιος καθηγητής κάνει δύο ξεχωριστούς ομίλους (π.χ. Χημεία Τρίτη και Χημεία Τετάρτη), μπαίνουν ως δύο γραμμές.
A7: • Αν ο ίδιος όμιλος γίνεται δύο φορές την εβδομάδα με τους ΙΔΙΟΥΣ μαθητές, μπαίνει ως ΜΙΑ γραμμή.
A9: ΦΥΛΛΟ "Εβδομαδιαία με μαθητές β και γ"
A10: • Δεν αλλάζει τίποτα — συμπληρώνεται ακριβώς όπως πριν.
A11: • Κάθε κελί ημέρας περιέχει το όνομα ομίλου ΑΚΡΙΒΩς όπως στη στήλη "Όνομα Ομίλου" του φύλλου Όμιλοι.
A12: • Αν υπάρχει υπεύθυνος, γράφεται: Όνομα (Υπεύθυνος) — π.χ. "Χημεία (Κυκκίδου)".
A14: ΓΙΑ ΝΕΑ ΧΡΟΝΙΑ
A15: 1. Ενημερώστε το φύλλο Όμιλοι με τους νέους ομίλους (νέα IDs, νέα ονόματα).
... A17: 3. Ανεβάστε το αρχείο στην πλατφόρμα — τα πάντα υπολογίζονται αυτόματα.

Sheet Εβδομαδιαία με μαθητές β και γ
A1: Αριθμός μητρώου | B1: ΕΠΩΝΥΜΟ | C1: ΟΝΟΜΑ | D1: Τάξη | E1: ΤΜΗΜΑ | F1: Δευτέρα | G1: Τρίτη | H1: Τετάρτη | I1: Πέμπτη | J1: Παρασκευή | K1: Βερολίνο
A2: 5597 | B2: ΑΛΕΞΑΝΔΡΟΥ | C2: ΝΙΚΟΛΑΟΣ | D2: Α | E2: Α4 | F2: LevelUp | G2: Ευρωπαϊκός Πολιτισμός | H2: Κινηματογράφος | I2: Κρυπτογραφία | J2: Arduino | K2: Ναι
A3: 5598 | B3: ΑΛΕΞΟΠΟΥΛΟΥ | C3: ΑΝΑΣΤΑΣΙΑ | D3: Α | E3: Α1 | F3: Ψ | G3: Παραδοσιακός Χορός (Κωτούλα) | H3: Αντιγόνη | I3: Αντιγόνη | J3: Φωτογραφία
A4: 5599 | B4: ΑΠΟΣΤΟΛΙΔΟΥ | C4: ΑΛΕΞΑΝΔΡΑ | D4: Α | E4: Α1 | F4: Σύγχρονος_Χορός | G4: Ευρωπαϊκός Πολιτισμός | H4: Χημεία (Κυκκίδου) | I4: ΤΝ | J4: Φωτογραφία | K4: Ναι
A5: 5600 | B5: ΑΡΓΥΡΟΠΟΥΛΟΥ | C5: ΧΡΥΣΟΥΛΑ | D5: Α | E5: Α4 | F5: LevelUp | G5: Άλγεβρα (Αριστέρογλου) | H5: Αντιγόνη | I5: Αντιγόνη | J5: Φυσική (Κασάπη) | K5: Ναι
A6: 5601 | B6: ΑΡΜΕΝΗ | C6: ΠΑΡΑΣΚΕΥΗ | D6: Α | E6: Α4 | F6: I4Good | G6: ECDL | H6: Πειραματική_Βιολογία | I6: Κρυπτογραφία | J6: Παραδοσιακός Χορός (Ζαρκοδήμου) | K6: Ναι
A7: 5602 | B7: ΑΥΞΕΝΤΗ | C7: ΜΑΡΙΑΝΘΗ | D7: Α | E7: Α4 | F7: Εθελοντισμός | G7: Χημεία (Κοντογούνη) | H7: Πειραματική_Βιολογία | I7: Φυσική (Αλεξάνδρου) | J7: Φωτογραφία | K7: Ναι
A8: 5603 | B8: ΒΑΓΓΕΛΑΚΟΣ | C8: ΗΛΙΑΣ | D8: Α | E8: Α4 | F8: Εθελοντισμός | G8: Ποδόσφαιρο | H8: Χημεία (Παπαδοπούλου) | I8: Γερμανικά | J8: Άλγεβρα (Αθανασιάδης) | K8: Ναι
A9: 5604 | B9: ΒΑΝΤΣΙΩΤΗΣ | C9: ΑΝΑΣΤΑΣΙΟΣ | D9: Α | E9: Α4 | F9: LEGO | G9: Άλγεβρα (Αριστέρογλου) | H9: Χημεία (Παπαδοπούλου) | I9: Γερμανικά | J9: Φυσική (Τερλίδης) | K9: Ναι
A10: 5605 | B10: ΒΑΡΣΑΜΗΣ | C10: ΓΕΩΡΓΙΟΣ | D10: Α | E10: Α1 | F10: LEGO | G10: Χημεία (Κοντογούνη) | H10: Κινηματογράφος | I10: Κρυπτογραφία | J10: Arduino | K10: Ναι
A11: 5606 | B11: ΒΡΙΚΟΥ | C11: ΑΙΚΑΤΕΡΙΝΗ-ΕΛΛΗ | D11: Α | E11: Α4 | F11: LevelUp | G11: Ζωγραφική | H11: Αντιγόνη | I11: Αντιγόνη | J11: Ρητορική | K11: Ναι
A12: 5608 | B12: ΓΕΩΡΓΙΑΔΟΥ | C12: ΕΛΕΝΗ | D12: Α | E12: Α4 | F12: Σύγχρονος_Χορός | G12: Ευρωπαϊκός Πολιτισμός | H12: Αντιγόνη | I12: Αντιγόνη | J12: Αυτοάμυνα
A13: 5609 | B13: ΓΚΟΓΚΟΣ | C13: ΗΛΙΑΣ | D13: Α | E13: Α4 | F13: Γερμανικά | G13: Άλγεβρα (Αριστέρογλου) | H13: Χημεία (Παπαδοπούλου) | I13: Κρυπτογραφία | J13: Φυσική (Κασάπη) | K13: Ναι
A14: 5610 | B14: ΓΚΟΝΗΣ | C14: ΑΘΑΝΑΣΙΟΣ | D14: Α | E14: Α4 | F14: I4Good | G14: Ποδόσφαιρο | H14: Αντιγόνη | I14: Αντιγόνη | J14: Άλγεβρα (Αθανασιάδης) | K14: Ναι
A15: 5611 | B15: ΓΚΟΥΜΑΣ | C15: ΓΕΩΡΓΙΟΣ | D15: Α | E15: Α4 | F15: Εθελοντισμός | G15: Ευρωπαϊκός Πολιτισμός | H15: Χημεία (Κοντογούνη) | I15: Φυσική (Αλεξάνδρου) | J15: Arduino | K15: Ναι
A16: 5612 | B16: ΓΟΥΛΑΣ | C16: ΔΗΜΗΤΡΙΟΣ | D16: Α | E16: Α1 | F16: Καλαθοσφαίριση | G16: Χημεία (Κοντογούνη) | H16: Καλαθοσφαίριση | I16: MediaLab | J16: Φυσική (Τερλίδης) | K16: Ναι
A17: 5614 | B17: ΔΕΜΕΡΤΖΙΔΟΥ | C17: ΖΩΗ | D17: Α | E17: Α4 | F17: LEGO | G17: Αρχιτεκτονική | H17: Κινηματογράφος | I17: Χημεία (Κυκκίδου) | J17: Παραδοσιακός Χορός (Ζαρκοδήμου) | K17: Ναι
A18: 5615 | B18: ΔΟΥΒΑΡΤΖΙΔΟΥ | C18: ΣΤΥΛΙΑΝΗ | D18: Α | E18: Α4 | F18: LEGO | G18: Στατιστική | H18: Χημεία (Παπαδοπούλου) | I18: MediaLab | J18: Παραδοσιακός Χορός (Ζαρκοδήμου) | K18: Ναι
A19: 5616 | B19: ΔΟΥΓΑΛΗΣ | C19: ΑΘΑΝΑΣΙΟΣ | D19: Α | E19: Α4 | F19: Άλγεβρα (Μπάγκα) | G19: Χημεία (Κοντογούνη) | H19: Πειραματική_Βιολογία | I19: Φυσική (Αλεξάνδρου) | J19: Αυτοάμυνα | K19: Ναι
A20: 5617 | B20: ΕΥΘΥΒΟΥΛΗ | C20: ΣΤΕΡΓΙΑΝΗ ΧΡΙΣΤΙΝΑ | D20: Α | E20: Α1 | F20: Άλγεβρα (Μπάγκα) | G20: Ευρωπαϊκός Πολιτισμός | H20: Κινηματογράφος | I20: Shakespeare | J20: Παραδοσιακός Χορός (Ζαρκοδήμου)
A21: 5618 | B21: ΖΑΡΟΓΙΑΝΝΗ | C21: ΠΟΛΥΞΕΝΗ | D21: Α | E21: Α4 | F21: I4Good | G21: Ευρωπαϊκός Πολιτισμός | H21: CreativeWriting | I21: Γερμανικά | J21: Παραδοσιακός Χορός (Ζαρκοδήμου) | K21: Ναι
A22: 5619 | B22: ΖΗΚΟΥ | C22: ΣΤΥΛΙΑΝΗ | D22: Α | E22: Α1 | F22: Γαλλικά | G22: Αρχιτεκτονική | H22: Γλώσσα (Τζήμας) | I22: Χημεία (Κυκκίδου) | J22: Φυσική (Τερλίδης) | K22: Ναι
A23: 5620 | B23: ΖΗΣΟΠΟΥΛΟΣ | C23: ΣΤΥΛΙΑΝΟΣ | D23: Α | E23: Α1 | F23: LEGO | G23: ECDL | H23: Αντιγόνη | I23: Αντιγόνη | J23: Arduino | K23: Ναι
A24: 5621 | B24: ΘΕΟΔΩΡΙΔΟΥ | C24: ΕΛΕΝΗ | D24: Α | E24: Α1 | F24: Εθελοντισμός | G24: Ευρωπαϊκός Πολιτισμός | H24: Αντιγόνη | I24: Αντιγόνη | J24: Παραδοσιακός Χορός (Ζαρκοδήμου) | K24: Ναι
A25: 5622 | B25: ΙΩΑΝΝΙΔΗ | C25: ΑΡΓΥΡΗ | D25: Α | E25: Α4 | F25: Graffiti | G25: Παραδοσιακός Χορός (Κωτούλα) | H25: Πειραματική_Βιολογία | I25: Χημεία (Κυκκίδου) | J25: Αυτοάμυνα | K25: Ναι
A26: 5623 | B26: ΙΩΣΗΦΙΔΟΥ | C26: ΑΛΕΞΑΝΔΡΑ | D26: Α | E26: Α4 | F26: Ψ | G26: ECDL | H26: Χημεία (Κυκκίδου) | I26: Γερμανικά | J26: Φυσική (Τερλίδης) | K26: Ναι
A27: 5624 | B27: ΚΑΖΑΝΑ | C27: ΑΝΘΗ-ΖΩΗ | D27: Α | E27: Α1 | F27: Ψ | G27: Ευρωπαϊκός Πολιτισμός | H27: Αντιγόνη | I27: Αντιγόνη | J27: Φωτογραφία
A28: 5625 | B28: ΚΑΖΑΝΤΖΙΔΗΣ | C28: ΕΥΣΤΑΘΙΟΣ | D28: Α | E28: Α4 | F28: Graffiti | G28: Άλγεβρα (Αριστέρογλου) | H28: Αντιγόνη | I28: Αντιγόνη | J28: Φωτογραφία
A29: 5626 | B29: ΚΑΖΑΝΤΖΙΔΟΥ | C29: ΒΑΪΑ | D29: Α | E29: Α4 | F29: Ψ | G29: ECDL | H29: Αντιγόνη | I29: Αντιγόνη | J29: Φωτογραφία
A30: 5627 | B30: ΚΑΖΑΝΤΣΙΔΟΥ | C30: ΔΗΜΗΤΡΑ | D30: Α | E30: Α4 | F30: Εθελοντισμός | G30: Στατιστική | H30: Γλώσσα (Τζήμας) | I30: Γερμανικά | J30: Παραδοσιακός Χορός (Ζαρκοδήμου) | K30: Ναι
A31: 5734 | B31: ΚΑΛΗΜΕΡΗΣ | C31: ΕΥΑΓΓΕΛΟΣ | D31: Α | E31: Α1 | F31: LEGO | G31: Χημεία (Κοντογούνη) | H31: Πληροφορική (Δαρδούμπας) | I31: MediaLab | J31: Arduino | K31: Ναι
A32: 5629 | B32: ΚΑΡΑΒΕΛΙΑ | C32: ΑΝΔΡΟΜΑΧΗ ΑΙΚΑΤΕΡΙΝΗ | D32: Α | E32: Α5 | F32: Graffiti | G32: Ευρωπαϊκός Πολιτισμός | H32: Γλώσσα (Τζήμας) | I32: Κρυπτογραφία | J32: Ρητορική | K32: Ναι
A33: 5630 | B33: ΚΑΡΑΔΗΜΟΣ | C33: ΧΑΡΙΣΙΟΣ | D33: Α | E33: Α1 | F33: LevelUp | G33: Ποδόσφαιρο | H33: Γλώσσα (Τζήμας) | I33: Φυσική (Αλεξάνδρου) | J33: Άλγεβρα (Αθανασιάδης) | K33: Ναι
A34: 5631 | B34: ΚΑΡΑΜΑΝΗΣ | C34: ΛΟΥΚΑΣ | D34: Α | E34: Α1 | F34: LEGO | G34: Αρχιτεκτονική | H34: Πειραματική_Φυσική | I34: Κρυπτογραφία | J34: Arduino | K34: Ναι
A35: 5633 | B35: ΚΑΣΝΑΚΗΣ | C35: ΑΠΟΣΤΟΛΟΣ | D35: Α | E35: Α1 | F35: LEGO | G35: Χημεία (Κοντογούνη) | H35: Πληροφορική (Δαρδούμπας) | I35: Φυσική (Αλεξάνδρου) | J35: Arduino | K35: Ναι
A36: 5634 | B36: ΚΕΪΣΟΓΛΟΥ | C36: ΙΩΑΝΝΗΣ | D36: Α | E36: Α5 | F36: Γερμανικά | G36: Ποδόσφαιρο | H36: Πληροφορική (Δαρδούμπας) | I36: Χημεία (Κυκκίδου) | J36: Φυσική (Τερλίδης) | K36: Ναι
A37: 5635 | B37: ΚΙΖΑΣ | C37: ΒΑΣΙΛΕΙΟΣ | D37: Α | E37: Α5 | F37: Γαλλικά | G37: Ζωγραφική | H37: Χημεία (Κοντογούνη) | I37: Φυσική (Κασάπη) | J37: Αυτοάμυνα | K37: Ναι
A38: 5636 | B38: ΚΛΟΚΙΔΟΥ | C38: ΔΕΣΠΟΙΝΑ | D38: Α | E38: Α1 | F38: Εθελοντισμός | G38: Ζωγραφική | H38: CreativeWriting | I38: ΤΝ | J38: Παραδοσιακός Χορός (Ζαρκοδήμου) | K38: Ναι
A39: 5637 | B39: ΚΟΖΩΝΗΣ | C39: ΕΜΜΑΝΟΥΗΛ | D39: Α | E39: Α1 | F39: Καλαθοσφαίριση | G39: Χημεία (Κοντογούνη) | H39: Καλαθοσφαίριση | I39: Κρυπτογραφία | J39: MathBeauty | K39: Ναι
A40: 5638 | B40: ΚΟΚΚΙΝΙΔΟΥ | C40: ΠΗΝΕΛΟΠΗ | D40: Α | E40: Α1 | F40: Ψ | G40: Άλγεβρα (Αριστέρογλου) | H40: Κινηματογράφος | I40: Ψ2 | J40: Φυσική (Τερλίδης)
A41: 5639 | B41: ΚΟΜΝΗΝΟΥ | C41: ΝΑΤΑΛΙΑ ΡΑΦΑΗΛΙΑ | D41: Α | E41: Α1 | F41: LevelUp | G41: Ζωγραφική | H41: Κινηματογράφος | I41: MediaLab | J41: Παραδοσιακός Χορός (Ζαρκοδήμου) | K41: Ναι
A42: 5640 | B42: ΚΟΝΤΟΥ | C42: ΑΓΝΗ | D42: Α | E42: Α5 | F42: Graffiti | G42: ECDL | H42: Αντιγόνη | I42: Αντιγόνη | J42: Φωτογραφία
A43: 5641 | B43: ΚΟΠΑΝΙΔΟΥ | C43: ΑΝΑΣΤΑΣΙΑ | D43: Α | E43: Α5 | F43: LevelUp | G43: ECDL | H43: Κινηματογράφος | I43: Γερμανικά | J43: Παραδοσιακός Χορός (Ζαρκοδήμου) | K43: Ναι
A44: 5642 | B44: ΚΟΤΖΑΘΑΝΑΣΗΣ | C44: ΑΝΕΣΤΗΣ | D44: Α | E44: Α5 | F44: Άλγεβρα (Μπάγκα) | G44: Χημεία (Κοντογούνη) | H44: Πειραματική_Βιολογία | I44: Βιολογία (ενισχυτική) | J44: Φυσική (Τερλίδης)
A45: 5643 | B45: ΚΟΤΖΑΘΑΝΑΣΗΣ | C45: ΑΡΣΕΝΙΟΣ | D45: Α | E45: Α5 | F45: Άλγεβρα (Μπάγκα) | G45: Χημεία (Κοντογούνη) | H45: Πειραματική_Βιολογία | I45: Βιολογία (ενισχυτική) | J45: Φυσική (Τερλίδης)
A46: 5644 | B46: ΚΟΤΛΙΔΟΠΟΥΛΟΥ | C46: ΑΓΟΡΙΤΣΑ | D46: Α | E46: Α1 | F46: Εθελοντισμός | G46: Ζωγραφική | H46: Χημεία (Κυκκίδου) | I46: Γλώσσα (Πελεκούδας) | J46: Παραδοσιακός Χορός (Ζαρκοδήμου) | K46: Ναι
A47: 5645 | B47: ΚΟΥΚΟΥΛΙΑΤΑ | C47: ΙΩΑΝΝΑ ΜΑΡΙΑ | D47: Α | E47: Α5 | F47: Σύγχρονος_Χορός | G47: Άλγεβρα (Αριστέρογλου) | H47: Χημεία (Παπαδοπούλου) | I47: Γερμανικά | J47: Φυσική (Τερλίδης) | K47: Ναι
A48: 5647 | B48: ΚΟΥΡΟΥΣ | C48: ΗΛΙΑΣ | D48: Α | E48: Α5 | F48: LEGO | G48: Αρχιτεκτονική | H48: Χημεία (Κοντογούνη) | I48: Φυσική (Αλεξάνδρου) | J48: Αυτοάμυνα | K48: Ναι
A49: 5648 | B49: ΚΟΥΤΡΑΚΗΣ | C49: ΓΕΩΡΓΙΟΣ | D49: Α | E49: Α5 | F49: Αρχαία (Τσεπραηλίδου) | G49: ECDL | H49: Χημεία (Κοντογούνη) | I49: Κρυπτογραφία | J49: Γλώσσα (Κιτσιούλη)
A50: 5650 | B50: ΚΥΡΑΤΣΗ | C50: ΕΛΕΝΗ | D50: Α | E50: Α1 | F50: Ψ | G50: Παραδοσιακός Χορός (Κωτούλα) | H50: Πειραματική_Φυσική | I50: Ψ2 | J50: Φυσική (Τερλίδης)
A51: 5651 | B51: ΚΥΡΙΛΛΙΔΗΣ | C51: ΗΡΑΚΛΗΣ | D51: Α | E51: Α5 | F51: LEGO | G51: Αρχιτεκτονική | H51: Χημεία (Κοντογούνη) | I51: Γλώσσα (Πελεκούδας) | J51: Άλγεβρα (Αθανασιάδης) | K51: Ναι
A52: 5652 | B52: ΚΥΡΟΥ | C52: ΒΑΣΙΛΙΚΗ | D52: Α | E52: Α1 | F52: Εθελοντισμός | G52: Ζωγραφική | H52: Χημεία (Κοντογούνη) | I52: Γλώσσα (Πελεκούδας) | J52: Παραδοσιακός Χορός (Ζαρκοδήμου) | K52: Ναι
A53: 5654 | B53: ΛΑΓΟΘΗΡΙΑΝΟΥ | C53: ΣΙΜΩΝΗ | D53: Α | E53: Α5 | F53: Graffiti | G53: Χημεία (Κοντογούνη) | H53: Κινηματογράφος | I53: Γλώσσα (Πελεκούδας) | J53: Φυσική (Κασάπη) | K53: Ναι
A54: 5655 | B54: ΛΑΜΠΡΟΠΟΥΛΟΣ | C54: ΠΑΝΑΓΙΩΤΗΣ | D54: Α | E54: Α5 | F54: Γερμανικά | G54: Χημεία (Κοντογούνη) | H54: Γλώσσα (Τζήμας) | I54: Κρυπτογραφία | J54: MathBeauty | K54: Ναι
A55: 5735 | B55: ΛΑΜΠΡΟΠΟΥΛΟΣ | C55: ΡΑΦΑΗΛ-ΒΟΓΔΟΣ | D55: Α | E55: Α3 | F55: Γαλλικά | G55: Ζωγραφική | H55: Χημεία (Κυκκίδου) | I55: Shakespeare | J55: Φωτογραφία | K55: Ναι
A56: 5656 | B56: ΛΙΟΥΡΑ | C56: ΑΝΑΣΤΑΣΙΑ | D56: Α | E56: Α2 | F56: Γαλλικά | G56: Ζωγραφική | H56: Γλώσσα (Τζήμας) | I56: ΤΝ | J56: Φωτογραφία | K56: Ναι
A57: 5657 | B57: ΜΑΓΟΥΛΑΣ | C57: ΧΡΙΣΤΟΣ | D57: Α | E57: Α2 | F57: LevelUp | G57: Στατιστική | H57: Χημεία (Κυκκίδου) | I57: Κρυπτογραφία | J57: Φυσική (Κασάπη) | K57: Ναι
A58: 5658 | B58: ΜΑΘΙΟΥΔΑΚΗΣ | C58: ΕΥΑΓΓΕΛΟΣ | D58: Α | E58: Α5 | F58: LevelUp | G58: Ποδόσφαιρο | H58: Χημεία (Παπαδοπούλου) | I58: Φυσική (Αλεξάνδρου) | J58: Άλγεβρα (Αθανασιάδης) | K58: Ναι
A59: 5659 | B59: ΜΑΜΑΚΟΣ | C59: ΙΩΑΝΝΗΣ | D59: Α | E59: Α2 | F59: Εθελοντισμός | G59: Ποδόσφαιρο | H59: Χημεία (Κυκκίδου) | I59: Shakespeare | J59: Ρητορική | K59: Ναι
A60: 5660 | B60: ΜΑΡΙΝΑΚΗ | C60: ΑΡΙΑΔΝΗ | D60: Α | E60: Α2 | F60: LevelUp | G60: Παραδοσιακός Χορός (Κωτούλα) | H60: CreativeWriting | I60: Χημεία (Κυκκίδου) | J60: Φωτογραφία | K60: Ναι
A61: 5661 | B61: ΜΑΡΚΟΠΟΥΛΟΣ | C61: ΓΕΩΡΓΙΟΣ | D61: Α | E61: Α2 | F61: Γαλλικά | G61: Ζωγραφική | H61: Χημεία (Παπαδοπούλου) | I61: Φυσική (Αλεξάνδρου) | J61: Αυτοάμυνα | K61: Ναι
A62: 5662 | B62: ΜΑΡΟΥΔΗ | C62: ΑΙΚΑΤΕΡΙΝΗ | D62: Α | E62: Α2 | F62: Σύγχρονος_Χορός | G62: Παραδοσιακός Χορός (Κωτούλα) | H62: Γλώσσα (Τζήμας) | I62: Ψ2 | J62: Αυτοάμυνα
A63: 5663 | B63: ΜΑΤΙΑΚΗ | C63: ΒΑΙΑ | D63: Α | E63: Α2 | F63: Ψ | G63: Παραδοσιακός Χορός (Κωτούλα) | H63: Πειραματική_Βιολογία | I63: ΤΝ | J63: Αυτοάμυνα | K63: Ναι
A64: 5737 | B64: ΜΕΛΙΔΟΥ | C64: ΕΡΣΗ-ΕΛΕΝΗ | D64: Α | E64: Α5 | F64: Γερμανικά | G64: Παραδοσιακός Χορός (Κωτούλα) | H64: Πειραματική_Βιολογία | I64: Ψ2 | J64: MathBeauty | K64: Ναι
A65: 5664 | B65: ΜΗΝΤΕΛΗΣ | C65: ΒΑΣΙΛΕΙΟΣ | D65: Α | E65: Α5 | F65: LEGO | G65: Ζωγραφική | H65: Χημεία (Κυκκίδου) | I65: ΤΝ | J65: Γλώσσα (Κιτσιούλη) | K65: Ναι
A66: 5665 | B66: ΜΗΤΡΑΚΑ | C66: ΜΑΡΙΑ-ΜΕΛΙΝΑ | D66: Α | E66: Α2 | F66: Γαλλικά | G66: Ζωγραφική | H66: Χημεία (Κυκκίδου) | I66: Γλώσσα (Πελεκούδας) | J66: Παραδοσιακός Χορός (Ζαρκοδήμου) | K66: Ναι
A67: 5666 | B67: ΜΙΧΑΗΛΙΔΗΣ | C67: ΓΕΩΡΓΙΟΣ | D67: Α | E67: Α2 | F67: Γαλλικά | G67: Ποδόσφαιρο | H67: Πληροφορική (Δαρδούμπας) | I67: Χημεία (Κυκκίδου) | J67: Φυσική (Κασάπη) | K67: Ναι
A68: 5667 | B68: ΜΙΧΑΗΛΙΔΗΣ | C68: ΛΕΩΝΙΔΑΣ | D68: Α | E68: Α5 | F68: Γερμανικά | G68: Ζωγραφική | H68: Χημεία (Κυκκίδου) | I68: Φυσική (Αλεξάνδρου) | J68: Άλγεβρα (Αθανασιάδης) | K68: Ναι
A69: 5668 | B69: ΜΠΑΛΑΣΟΥΔΗ | C69: ΑΡΧΟΝΤΙΑ | D69: Α | E69: Α2 | F69: Γαλλικά | G69: Παραδοσιακός Χορός (Κωτούλα) | H69: Αντιγόνη | I69: Αντιγόνη | J69: Αυτοάμυνα
A70: 5669 | B70: ΜΠΑΛΑΤΣΟΥ | C70: ΑΝΑΣΤΑΣΙΑ ΜΑΡΙΑ | D70: Α | E70: Α5 | F70: Άλγεβρα (Μπάγκα) | G70: Στατιστική | H70: Πληροφορική (Δαρδούμπας) | I70: ΤΝ | J70: Παραδοσιακός Χορός (Ζαρκοδήμου) | K70: Ναι
A71: 5670 | B71: ΜΠΑΡΟΥΔΑΣ | C71: ΝΙΚΟΛΑΟΣ | D71: Α | E71: Α2 | F71: LEGO | G71: Στατιστική | H71: CreativeWriting | I71: ΤΝ | J71: Arduino | K71: Ναι
A72: 5671 | B72: ΜΠΟΥΝΤΙΟΥΚΟΥ | C72: ΕΥΑΓΓΕΛΙΑ | D72: Α | E72: Α2 | F72: Αρχαία (Τσεπραηλίδου) | G72: Ευρωπαϊκός Πολιτισμός | H72: Αντιγόνη | I72: Αντιγόνη | J72: Ρητορική | K72: Ναι
A73: 5672 | B73: ΝΕΟΦΩΤΙΣΤΟΥ | C73: ΡΑΦΑΗΛΙΑ-ΘΕΟΦΑΝΙΑ | D73: Α | E73: Α5 | F73: Άλγεβρα (Μπάγκα) | G73: Χημεία (Κοντογούνη) | H73: Πειραματική_Φυσική | I73: Γλώσσα (Πελεκούδας) | J73: Φωτογραφία
A74: 5673 | B74: ΝΤΟΣΙΟΠΟΥΛΟΥ | C74: ΡΑΦΑΗΛΙΑ | D74: Α | E74: Α5 | F74: Graffiti | G74: ECDL | H74: Αντιγόνη | I74: Αντιγόνη | J74: Φωτογραφία
A75: 5674 | B75: ΞΥΛΟΦΟΡΟΣ | C75: ΧΑΡΙΛΑΟΣ | D75: Α | E75: Α2 | F75: LevelUp | G75: ECDL | H75: Γλώσσα (Τζήμας) | I75: MediaLab | J75: Arduino | K75: Ναι
A76: 5675 | B76: ΠΑΜΠΑ | C76: ΑΝΑΣΤΑΣΙΑ ΜΑΡΙΑ | D76: Α | E76: Α6 | F76: Graffiti | G76: Ζωγραφική | H76: Γλώσσα (Τζήμας) | I76: MediaLab | J76: Φυσική (Κασάπη) | K76: Ναι
A77: 5676 | B77: ΠΑΝΑΓΙΩΤΙΔΟΥ | C77: ΟΛΓΑ ΜΑΡΙΑ | D77: Α | E77: Α2 | F77: Ψ | G77: Στατιστική | H77: Αντιγόνη | I77: Αντιγόνη | J77: Ρητορική | K77: Ναι
A78: 5677 | B78: ΠΑΝΟΥ | C78: ΠΑΝΑΓΙΩΤΑ | D78: Α | E78: Α6 | F78: Γερμανικά | G78: Παραδοσιακός Χορός (Κωτούλα) | H78: Πειραματική_Βιολογία | I78: Ψ2 | J78: Φυσική (Τερλίδης) | K78: Ναι
A79: 5678 | B79: ΠΑΠΑΔΗΜΗΤΡΙΟΥ | C79: ΜΑΡΙΑ | D79: Α | E79: Α6 | F79: Graffiti | G79: Παραδοσιακός Χορός (Κωτούλα) | H79: Χημεία (Παπαδοπούλου) | I79: Γερμανικά | J79: Φυσική (Τερλίδης) | K79: Ναι
A80: 5680 | B80: ΠΑΠΑΖΗΣΗ | C80: ΚΩΝΣΤΑΝΤΙΝΑ | D80: Α | E80: Α2 | F80: Αρχαία (Τσεπραηλίδου) | G80: Ζωγραφική | H80: Αντιγόνη | I80: Αντιγόνη | J80: Ρητορική | K80: Ναι
A81: 5681 | B81: ΠΑΠΑΖΗΣΗ | C81: ΦΩΤΕΙΝΗ | D81: Α | E81: Α6 | F81: Σύγχρονος_Χορός | G81: ECDL | H81: Γλώσσα (Τζήμας) | I81: Γερμανικά | J81: Παραδοσιακός Χορός (Ζαρκοδήμου) | K81: Ναι
A82: 5682 | B82: ΠΑΠΑΘΑΝΑΣΙΟΥ | C82: ΚΩΝΣΤΑΝΤΙΝΟΣ-ΝΙΚΗΦΟΡΟΣ | D82: Α | E82: Α6 | F82: Graffiti | G82: Ζωγραφική | H82: Πληροφορική (Δαρδούμπας) | I82: Κρυπτογραφία | J82: Αυτοάμυνα | K82: Ναι
A83: 5683 | B83: ΠΑΠΑΝΙΚΟΛΑΟΥ | C83: ΠΑΝΑΓΙΩΤΗΣ | D83: Α | E83: Α2 | F83: Γαλλικά | G83: ECDL | H83: Χημεία (Παπαδοπούλου) | I83: ΤΝ | J83: Φωτογραφία | K83: Ναι
A84: 5684 | B84: ΠΑΠΑΣΤΕΡΓΙΟΥ | C84: ΔΕΣΠΟΙΝΑ | D84: Α | E84: Α2 | F84: Σύγχρονος_Χορός | G84: Παραδοσιακός Χορός (Κωτούλα) | H84: Αντιγόνη | I84: Αντιγόνη | J84: Φωτογραφία
A85: 5685 | B85: ΠΑΥΛΙΔΟΥ | C85: ΣΕΒΑΣΤΗ | D85: Α | E85: Α2 | F85: Σύγχρονος_Χορός | G85: Ευρωπαϊκός Πολιτισμός | H85: Αντιγόνη | I85: Αντιγόνη | J85: Αυτοάμυνα
A86: 5686 | B86: ΠΑΦΥΛΗ | C86: ΜΑΡΙΝΑ | D86: Α | E86: Α2 | F86: Γαλλικά | G86: Παραδοσιακός Χορός (Κωτούλα) | H86: CreativeWriting | I86: Χημεία (Κυκκίδου) | J86: Αυτοάμυνα | K86: Ναι
A87: 5687 | B87: ΠΑΧΙΝΗ | C87: ΘΕΟΦΑΝΙΑ | D87: Α | E87: Α2 | F87: LEGO | G87: Στατιστική | H87: CreativeWriting | I87: Γλώσσα (Πελεκούδας) | J87: MathBeauty | K87: Ναι
A88: 5729 | B88: ΠΕΚΙΑΡΙΔΟΥ | C88: ΡΑΦΑΗΛΙΑ ΣΟΝΙΑ | D88: Α | E88: Α6 | F88: Άλγεβρα (Μπάγκα) | G88: ECDL | H88: Χημεία (Παπαδοπούλου) | I88: Φυσική (Κασάπη) | J88: Αυτοάμυνα | K88: Ναι
A89: 5688 | B89: ΠΟΛΩΝΙΔΗΣ | C89: ΙΩΑΝΝΗΣ | D89: Α | E89: Α6 | F89: LEGO | G89: Ποδόσφαιρο | H89: Χημεία (Κυκκίδου) | I89: Γερμανικά | J89: Arduino | K89: Ναι
A90: 5689 | B90: ΠΟΥΛΙΟΠΟΥΛΟΥ | C90: ΜΑΡΙΑΜ - ΓΕΩΡΓΙΑ | D90: Α | E90: Α2 | F90: Γαλλικά | G90: Στατιστική | H90: Χημεία (Κοντογούνη) | I90: Κρυπτογραφία | J90: MathBeauty | K90: Ναι
A91: 5740 | B91: ΠΟΥΤΑΧΙΔΗΣ | C91: ΓΕΩΡΓΙΟΣ | D91: Α | E91: Α5 | F91: Ψ | G91: Χημεία (Κοντογούνη) | H91: Πληροφορική (Δαρδούμπας) | I91: ΤΝ | J91: Άλγεβρα (Αθανασιάδης) | K91: Ναι
A92: 5690 | B92: ΡΕΝΤΑΣ | C92: ΓΕΩΡΓΙΟΣ | D92: Α | E92: Α2 | F92: Καλαθοσφαίριση | G92: ECDL | H92: Καλαθοσφαίριση | I92: ΤΝ | J92: Φυσική (Τερλίδης) | K92: Ναι
A93: 5692 | B93: ΣΑΛΑΚΙΔΗΣ | C93: ΚΩΝΣΤΑΝΤΙΝΟΣ | D93: Α | E93: Α3 | F93: LevelUp | G93: Ευρωπαϊκός Πολιτισμός | H93: Χημεία (Παπαδοπούλου) | I93: MediaLab | J93: MathBeauty | K93: Ναι
A94: 5693 | B94: ΣΑΛΤΣΙΔΟΥ | C94: ΒΑΣΙΛΙΚΗ | D94: Α | E94: Α3 | F94: Graffiti | G94: Παραδοσιακός Χορός (Κωτούλα) | H94: Αντιγόνη | I94: Αντιγόνη | J94: Ρητορική | K94: Ναι
A95: 5694 | B95: ΣΑΜΟΥΚΑΤΣΙΔΟΥ | C95: ΡΑΦΑΗΛΙΑ | D95: Α | E95: Α3 | F95: Γαλλικά | G95: Χημεία (Κοντογούνη) | H95: Πειραματική_Βιολογία | I95: Shakespeare | J95: Ρητορική | K95: Ναι
A96: 5695 | B96: ΣΑΝΟΠΟΥΛΟΥ | C96: ΑΝΤΩΝΙΑ | D96: Α | E96: Α6 | F96: Άλγεβρα (Μπάγκα) | G96: Ζωγραφική | H96: Χημεία (Κοντογούνη) | I96: MediaLab | J96: Γλώσσα (Κιτσιούλη) | K96: Ναι
A97: 5733 | B97: ΣΙΑΜΕΤΗ | C97: ΑΙΚΑΤΕΡΙΝΗ | D97: Α | E97: Α2 | F97: LevelUp | G97: Παραδοσιακός Χορός (Κωτούλα) | H97: Αντιγόνη | I97: Αντιγόνη | J97: Φωτογραφία | K97: Ναι
... A129: 5728 | B129: ΧΡΗΣΤΑΚΗ | C129: ΕΥΓΕΝΙΑ | D129: Α | E129: Α3 | F129: Σύγχρονος_Χορός | G129: Άλγεβρα (Αριστέρογλου) | H129: Αντιγόνη | I129: Αντιγόνη | J129: Φυσική (Κασάπη) | K129: Ναι
A130: 5414 | B130: Αγγελίδου | C130: Πολυξένη | D130: Β | E130: Β | F130: LevelUp | G130: Ζωγραφική | K130: Ναι
A131: 5421 | B131: Ασαλουμιδου | C131: Σονια | D131: Β | E131: Β | G131: Παραδοσιακός Χορός (Κωτούλα)
...

Sheet Στατιστικά
A1: Ημέρα | B1: Όμιλος | C1: Max θέσεις | D1: Εγγεγραμμένοι | E1: Διαφορά | F1: Υπεράριθμοι; | G1: Παρατηρήσεις | H1: Ενισχυτική | I1: Απουσίες
A2: Δευτέρα | B2: Άλγεβρα (Μπάγκα) | C2: 10 | D2: =COUNTIF('Εβδομαδιαία με μαθητές β και γ'!F:F,B2) | E2: =C2-D2 | F2: =IF(#REF!>C2,1,0) | H2: 1 | I2: 1 | K2: Άλγεβρα | L2: =D2+D16+D51
A3: Δευτέρα | B3: Αρχαία (Τσεπραηλίδου) | C3: 15 | D3: =COUNTIF('Εβδομαδιαία με μαθητές β και γ'!F:F,B3) | E3: =C3-D3 | F3: =IF(#REF!>C3,1,0) | H3: 1 | I3: 1 | K3: Αρχαία | L3: =D3
A4: Δευτέρα | B4: Αγγλικά | C4: 10 | D4: =COUNTIF('Εβδομαδιαία με μαθητές β και γ'!F:F,B4) | E4: =C4-D4 | F4: =IF(#REF!>C4,1,0) | H4: 1 | K4: Αγγλικά Γ' Λυκείου | L4: =D4
A5: Δευτέρα | B5: Γερμανικά | C5: 10 | D5: =COUNTIF('Εβδομαδιαία με μαθητές β και γ'!F:F,B5) | E5: =C5-D5 | F5: =IF(#REF!>C5,1,0) | K5: Χημεία | L5: =D15+D24+D25+D26+D39
A6: Δευτέρα | B6: Καλαθοσφαίριση | C6: 16 | D6: =COUNTIF('Εβδομαδιαία με μαθητές β και γ'!F:F,B6) | E6: =C6-D6 | F6: =IF(#REF!>C6,1,0) | I6: 1 | K6: Γλώσσα | L6: =D27+D38+D50
A7: Δευτέρα | B7: I4Good | C7: 12 | D7: =COUNTIF('Εβδομαδιαία με μαθητές β και γ'!F:F,B7) | E7: =C7-D7 | F7: =IF(#REF!>C7,1,0) | G7: Να ανοίξει στα άλλα σχολεία | I7: 1 | K7: Πληροφορική | L7: =D28
A8: Δευτέρα | B8: Εθελοντισμός | C8: 20 | D8: =COUNTIF('Εβδομαδιαία με μαθητές β και γ'!F:F,B8) | E8: =C8-D8 | F8: =IF(#REF!>C8,1,0) | I8: 1 | K8: Ιστορία Γ' Λυκείου | L8: =D29
A9: Δευτέρα | B9: LevelUp | C9: 15 | D9: =COUNTIF('Εβδομαδιαία με μαθητές β και γ'!F:F,B9) | E9: =C9-D9 | F9: =IF(#REF!>C9,1,0) | I9: 1 | K9: Φυσική | L9: =D36+D37+D48+D49
A10: Δευτέρα | B10: Γαλλικά | C10: 22 | D10: =COUNTIF('Εβδομαδιαία με μαθητές β και γ'!F:F,B10) | E10: =C10-D10 | F10: =IF(#REF!>C10,1,0) | I10: 1 | K10: Βιολογία Β' Λυκείου | L10: =D40
A11: Δευτέρα | B11: Graffiti | C11: 15 | D11: =COUNTIF('Εβδομαδιαία με μαθητές β και γ'!F:F,B11) | E11: =C11-D11 | F11: =IF(#REF!>C11,1,0) | I11: 1
A12: Δευτέρα | B12: Ψ | C12: 12 | D12: =COUNTIF('Εβδομαδιαία με μαθητές β και γ'!F:F,B12) | E12: =C12-D12 | F12: =IF(#REF!>C12,1,0)
A13: Δευτέρα | B13: LEGO | C13: 18 | D13: =COUNTIF('Εβδομαδιαία με μαθητές β και γ'!F:F,B13) | E13: =C13-D13 | F13: =IF(#REF!>C13,1,0) | I13: 1
A14: Δευτέρα | B14: Σύγχρονος_Χορός | C14: 15 | D14: =COUNTIF('Εβδομαδιαία με μαθητές β και γ'!F:F,B14) | E14: =C14-D14 | F14: =IF(#REF!>C14,1,0) | G14: Να ανοίξει στα άλλα σχολεία
A15: Τρίτη | B15: Χημεία (Κοντογούνη) | C15: 10 | D15: =COUNTIF('Εβδομαδιαία με μαθητές β και γ'!G:G,B15) | E15: =C15-D15 | F15: =IF(#REF!>C15,1,0) | H15: 1 | I15: 1
A16: Τρίτη | B16: Άλγεβρα (Αριστέρογλου) | C16: 10 | D16: =COUNTIF('Εβδομαδιαία με μαθητές β και γ'!G:G,B16) | E16: =C16-D16 | F16: =IF(#REF!>C16,1,0) | H16: 1 | I16: 1
A17: Τρίτη | B17: Ποδόσφαιρο | C17: 24 | D17: =COUNTIF('Εβδομαδιαία με μαθητές β και γ'!G:G,B17) | E17: =C17-D17 | F17: =IF(#REF!>C17,1,0) | I17: 1
A18: Τρίτη | B18: Αρχιτεκτονική | C18: 20 | D18: =COUNTIF('Εβδομαδιαία με μαθητές β και γ'!G:G,B18) | E18: =C18-D18 | F18: =IF(#REF!>C18,1,0)
A19: Τρίτη | B19: Στατιστική | C19: 15 | D19: =COUNTIF('Εβδομαδιαία με μαθητές β και γ'!G:G,B19) | E19: =C19-D19 | F19: =IF(#REF!>C19,1,0) | I19: 1
A20: Τρίτη | B20: Παραδοσιακός Χορός (Κωτούλα) | C20: 25 | D20: =COUNTIF('Εβδομαδιαία με μαθητές β και γ'!G:G,B20) | E20: =C20-D20 | F20: =IF(#REF!>C20,1,0)
A21: Τρίτη | B21: Ευρωπαϊκός Πολιτισμός | C21: 15 | D21: =COUNTIF('Εβδομαδιαία με μαθητές β και γ'!G:G,B21) | E21: =C21-D21 | F21: =IF(#REF!>C21,1,0) | I21: 1
A22: Τρίτη | B22: Ζωγραφική | C22: 15 | D22: =COUNTIF('Εβδομαδιαία με μαθητές β και γ'!G:G,B22) | E22: =C22-D22 | F22: =IF(#REF!>C22,1,0)
A23: Τρίτη | B23: ECDL | C23: 14 | D23: =COUNTIF('Εβδομαδιαία με μαθητές β και γ'!G:G,B23) | E23: =C23-D23 | F23: =IF(#REF!>C23,1,0) | I23: 1
A24: Τετάρτη | B24: Χημεία (Κυκκίδου) | C24: 12 | D24: =COUNTIF('Εβδομαδιαία με μαθητές β και γ'!H:H,B24) | E24: =C24-D24 | F24: =IF(#REF!>C24,1,0) | H24: 1 | I24: 1
A25: Τετάρτη | B25: Χημεία (Κοντογούνη) | C25: 12 | D25: =COUNTIF('Εβδομαδιαία με μαθητές β και γ'!H:H,B25) | E25: =C25-D25 | F25: =IF(#REF!>C25,1,0) | H25: 1 | I25: 1
A26: Τετάρτη | B26: Χημεία (Παπαδοπούλου) | C26: 12 | D26: =COUNTIF('Εβδομαδιαία με μαθητές β και γ'!H:H,B26) | E26: =C26-D26 | F26: =IF(#REF!>C26,1,0) | H26: 1 | I26: 1
A27: Τετάρτη | B27: Γλώσσα (Τζήμας) | C27: 12 | D27: =COUNTIF('Εβδομαδιαία με μαθητές β και γ'!H:H,B27) | E27: =C27-D27 | F27: =IF(#REF!>C27,1,0) | H27: 1 | I27: 1
A28: Τετάρτη | B28: Πληροφορική (Δαρδούμπας) | C28: 10 | D28: =COUNTIF('Εβδομαδιαία με μαθητές β και γ'!H:H,B28) | E28: =C28-D28 | F28: =IF(#REF!>C28,1,0) | H28: 1 | I28: 1
A29: Τετάρτη | B29: Ιστορία Γ | C29: 10 | D29: =COUNTIF('Εβδομαδιαία με μαθητές β και γ'!H:H,B29) | E29: =C29-D29 | F29: =IF(#REF!>C29,1,0)
A30: Τετάρτη | B30: Καλαθοσφαίριση | C30: 16 | D30: =COUNTIF('Εβδομαδιαία με μαθητές β και γ'!H:H,B30) | E30: =C30-D30 | F30: =IF(#REF!>C30,1,0) | I30: 1
A31: Τετάρτη | B31: CreativeWriting | C31: 10 | D31: =COUNTIF('Εβδομαδιαία με μαθητές β και γ'!H:H,B31) | E31: =C31-D31 | F31: =IF(#REF!>C31,1,0) | I31: 1
A32: Τετάρτη | B32: Πειραματική_Βιολογία | C32: 12 | D32: =COUNTIF('Εβδομαδιαία με μαθητές β και γ'!H:H,B32) | E32: =C32-D32 | F32: =IF(#REF!>C32,1,0) | I32: 1
A33: Τετάρτη | B33: Πειραματική_Φυσική | C33: 10 | D33: =COUNTIF('Εβδομαδιαία με μαθητές β και γ'!H:H,B33) | E33: =C33-D33 | F33: =IF(#REF!>C33,1,0) | I33: 1
A34: Τετάρτη | B34: Αντιγόνη | C34: 20 | D34: =COUNTIF('Εβδομαδιαία με μαθητές β και γ'!H:H,B34) | E34: =C34-D34 | F34: =IF(#REF!>C34,1,0) | I34: 1
A35: Τετάρτη | B35: Κινηματογράφος | C35: 20 | D35: =COUNTIF('Εβδομαδιαία με μαθητές β και γ'!H:H,B35) | E35: =C35-D35 | F35: =IF(#REF!>C35,1,0) | I35: 1
A36: Πέμπτη | B36: Φυσική (Κασάπη) | C36: 10 | D36: =COUNTIF('Εβδομαδιαία με μαθητές β και γ'!I:I,B36) | E36: =C36-D36 | F36: =IF(#REF!>C36,1,0) | H36: 1
A37: Πέμπτη | B37: Φυσική (Αλεξάνδρου) | C37: 10 | D37: =COUNTIF('Εβδομαδιαία με μαθητές β και γ'!I:I,B37) | E37: =C37-D37 | F37: =IF(#REF!>C37,1,0) | H37: 1
A38: Πέμπτη | B38: Γλώσσα (Πελεκούδας) | C38: 10 | D38: =COUNTIF('Εβδομαδιαία με μαθητές β και γ'!I:I,B38) | E38: =C38-D38 | F38: =IF(#REF!>C38,1,0) | H38: 1 | I38: 1
A39: Πέμπτη | B39: Χημεία (Κυκκίδου) | C39: 10 | D39: =COUNTIF('Εβδομαδιαία με μαθητές β και γ'!I:I,B39) | E39: =C39-D39 | F39: =IF(#REF!>C39,1,0) | H39: 1 | I39: 1
A40: Πέμπτη | B40: Βιολογία (ενισχυτική) | C40: 10 | D40: =COUNTIF('Εβδομαδιαία με μαθητές β και γ'!I:I,B40) | E40: =C40-D40 | F40: =IF(#REF!>C40,1,0) | H40: 1 | I40: 1
A41: Πέμπτη | B41: Γερμανικά | C41: 10 | D41: =COUNTIF('Εβδομαδιαία με μαθητές β και γ'!I:I,B41) | E41: =C41-D41 | F41: =IF(#REF!>C41,1,0)
A42: Πέμπτη | B42: Αντιγόνη | C42: 20 | D42: =COUNTIF('Εβδομαδιαία με μαθητές β και γ'!I:I,B42) | E42: =C42-D42 | F42: =IF(#REF!>C42,1,0) | I42: 1
A43: Πέμπτη | B43: ΤΝ | C43: 15 | D43: =COUNTIF('Εβδομαδιαία με μαθητές β και γ'!I:I,B43) | E43: =C43-D43 | F43: =IF(#REF!>C43,1,0) | I43: 1
A44: Πέμπτη | B44: Κρυπτογραφία | C44: 15 | D44: =COUNTIF('Εβδομαδιαία με μαθητές β και γ'!I:I,B44) | E44: =C44-D44 | F44: =IF(#REF!>C44,1,0) | I44: 1
A45: Πέμπτη | B45: Shakespeare | C45: 10 | D45: =COUNTIF('Εβδομαδιαία με μαθητές β και γ'!I:I,B45) | E45: =C45-D45 | F45: =IF(#REF!>C45,1,0) | I45: 1
A46: Πέμπτη | B46: Ψ2 | C46: 15 | D46: =COUNTIF('Εβδομαδιαία με μαθητές β και γ'!I:I,B46) | E46: =C46-D46 | F46: =IF(#REF!>C46,1,0) | I46: 1
A47: Πέμπτη | B47: MediaLab | C47: 15 | D47: =COUNTIF('Εβδομαδιαία με μαθητές β και γ'!I:I,B47) | E47: =C47-D47 | F47: =IF(#REF!>C47,1,0)
A48: Παρασκευή | B48: Φυσική (Τερλίδης) | C48: 10 | D48: =COUNTIF('Εβδομαδιαία με μαθητές β και γ'!J:J,B48) | E48: =C48-D48 | F48: =IF(#REF!>C48,1,0) | H48: 1 | I48: 1
A49: Παρασκευή | B49: Φυσική (Κασάπη) | C49: 10 | D49: =COUNTIF('Εβδομαδιαία με μαθητές β και γ'!J:J,B49) | E49: =C49-D49 | F49: =IF(#REF!>C49,1,0) | H49: 1
A50: Παρασκευή | B50: Γλώσσα (Κιτσιούλη) | C50: 10 | D50: =COUNTIF('Εβδομαδιαία με μαθητές β και γ'!J:J,B50) | E50: =C50-D50 | F50: =IF(#REF!>C50,1,0) | H50: 1 | I50: 1
A51: Παρασκευή | B51: Άλγεβρα (Αθανασιάδης) | C51: 10 | D51: =COUNTIF('Εβδομαδιαία με μαθητές β και γ'!J:J,B51) | E51: =C51-D51 | F51: =IF(#REF!>C51,1,0) | H51: 1 | I51: 1
A52: Παρασκευή | B52: Αυτοάμυνα | C52: 14 | D52: =COUNTIF('Εβδομαδιαία με μαθητές β και γ'!J:J,B52) | E52: =C52-D52 | F52: =IF(#REF!>C52,1,0) | I52: 1
A53: Παρασκευή | B53: Arduino | C53: 12 | D53: =COUNTIF('Εβδομαδιαία με μαθητές β και γ'!J:J,B53) | E53: =C53-D53 | F53: =IF(#REF!>C53,1,0)
A54: Παρασκευή | B54: Ρητορική | C54: 12 | D54: =COUNTIF('Εβδομαδιαία με μαθητές β και γ'!J:J,B54) | E54: =C54-D54 | F54: =IF(#REF!>C54,1,0) | I54: 1
A55: Παρασκευή | B55: Φωτογραφία | C55: 20 | D55: =COUNTIF('Εβδομαδιαία με μαθητές β και γ'!J:J,B55) | E55: =C55-D55 | F55: =IF(#REF!>C55,1,0)
A56: Παρασκευή | B56: Παραδοσιακός Χορός (Ζαρκοδήμου) | C56: 20 | D56: =COUNTIF('Εβδομαδιαία με μαθητές β και γ'!J:J,B56) | E56: =C56-D56 | F56: =IF(#REF!>C56,1,0) | I56: 1
A57: Παρασκευή | B57: MathBeauty | C57: 12 | D57: =COUNTIF('Εβδομαδιαία με μαθητές β και γ'!J:J,B57) | E57: =C57-D57 | F57: =IF(#REF!>C57,1,0) | I57: 1

Sheet Αίθουσες
A1: Ημέρα | B1: Όμιλος | C1: Εκπαιδευτικός | D1: Αίθουσα
A2: Δευτέρα | B2: Άλγεβρα (Μπάγκα) | C2: Μπάγκα Ευφροσύνη | D2: 210
A3: Δευτέρα | B3: Αρχαία (Τσεπραηλίδου) | C3: Τσεπραηλίδου Αγγελική | D3: 308
A4: Δευτέρα | B4: Αγγλικά | C4: Βαγιαννίδου Ελένη - Βαλάσα Ειρήνη | D4: 310
A5: Δευτέρα | B5: Γερμανικά | C5: Βλάχου Αθηνά | D5: 304
A6: Δευτέρα | B6: Καλαθοσφαίριση | C6: Κώτσης Παναγιώτης | D6: 304
A7: Δευτέρα | B7: I4Good | C7: Ευθαλιτσίδου Κυριακή - Τζώτζη Γιαννούλα | D7: 208
A8: Δευτέρα | B8: Εθελοντισμός | C8: Σταμουλά Μαρία-Μαργαρίτα | D8: 311
A9: Δευτέρα | B9: LevelUp | C9: Παπαδοπούλου Γλυκερία | D9: 207
A10: Δευτέρα | B10: Γαλλικά | C10: Γεωργιάδου Αικατερίνη | D10: 313
A11: Δευτέρα | B11: Graffiti | C11: Ματιάκη Χριστίνα | D11: 001
A12: Δευτέρα | B12: Ψ | C12: Βλάχου Κρυστάλλω - Αθανασίου Ελένη | D12: 309
... A57: Παρασκευή | B57: MathBeauty | C57: Αριστέρογλου Ζουμπουλιά | D57: 311

Sheet Πήραν μετεγγραφή
A1: Αριθμός μητρώου | B1: ΕΠΩΝΥΜΟ | C1: ΟΝΟΜΑ | D1: Τάξη | E1: ΤΜΗΜΑ | F1: Δευτέρα | G1: Τρίτη | H1: Τετάρτη | I1: Πέμπτη | J1: Παρασκευή
A2: 5653 | B2: ΚΩΝΣΤΑΝΤΙΝΙΔΗΣ | C2: ΓΑΒΡΙΗΛ | D2: Α | E2: Α2 | F2: Γαλλικά | G2: Στατιστική | H2: Χημεία (Κοντογούνη) | I2: Γλώσσα (Πελεκούδας) | J2: Φυσική (Τερλίδης)
A3: 5679 | B3: ΠΑΠΑΔΟΠΟΥΛΟΥ | C3: ΑΙΚΑΤΕΡΙΝΗ | D3: Α | E3: Α6 | F3: Ψ | G3: Παραδοσιακός_Χορός | H3: CreativeWriting | I3: Ψ2 | J3: Παραδοσιακός_Χορός
A4: 5646 | B4: ΚΟΥΝΤΟΥΡΑΣ | C4: ΝΙΚΟΛΑΟΣ | D4: Α | E4: Α1 | F4: LevelUp | G4: Αρχιτεκτονική | H4: Κινηματογράφος | I4: Κρυπτογραφία | J4: Φωτογραφία
A5: 5607 | B5: ΓΑΡΟΥΦΟΥ | C5: ΓΕΡΑΣΙΜΙΝΑ | D5: Α | E5: Α4 | F5: Graffiti | G5: Ζωγραφική | H5: CreativeWriting | I5: ΤΝ | J5: Arduino
A6: 5613 | B6: ΔΑΛΑΓΙΩΡΓΟΣ | C6: ΚΩΝΣΤΑΝΤΙΝΟΣ | D6: Α | E6: Α1 | F6: I4Good | G6: Ποδόσφαιρο | H6: Χημεία (Κυκκίδου) | I6: Κρυπτογραφία | J6: Αυτοάμυνα
A7: 5738 | B7: ΜΑΡΟΥΔΗΣ | C7: ΓΡΗΓΟΡΙΟΣ | D7: Α | E7: Α1 | F7: LevelUp | G7: Ποδόσφαιρο | H7: Γλώσσα (Τζήμας) | I7: Φυσική (Αλεξάνδρου) | J7: Άλγεβρα (Αθανασιάδης)
